event_id,start_date,end_date,place_name,lat,lon,outside_grid,cell_id,ward,ward_name,dist_to_cell_centroid_m,dist_to_lattice_center_m,dist_to_cell_edge_m,dist_to_grid_boundary_m,nearest_cell_id,label_confidence,evidence_type,source_citation,notes,window_days
E2022_09,2022-09-05,2022-09-07,RBD Layout (Sarjapur Road),12.907289,77.686694,False,555,150,Bellanduru,76.9,254.1,53.4,,555,high,hotspot_pdf,"Sajjan, S. 2022. Floods at Bengaluru City - A Technical Study. Ch.6","131.6mm single-night rainfall 4-5 Sept; 10.1 sq km catchment; moved to inside centroid (Cell 555); footprint seeds: 554, 555, 608",3
E2022_09,2022-09-05,2022-09-07,Wipro Campus (Sarjapur Road),12.914319,77.686317,False,666,150,Bellanduru,253.3,253.3,4.3,,666,high,hotspot_pdf,"Sajjan, S. 2022. Floods at Bengaluru City - A Technical Study. Ch.7","Same storm as RBD Layout; 11.5 sq km catchment; moved to campus centroid (Cell 666); footprint seeds: 665, 666",3
E2022_09,2022-09-05,2022-09-07,Outer Ring Road (RMZ Ecospace / Saul Kere reach),12.927,77.693,False,847,150,Bellanduru,153.9,153.9,100.1,,847,high,hotspot_pdf,"Sajjan, S. 2022. Floods at Bengaluru City - A Technical Study. Ch.8",27.9 sq km catchment; approximate locality centroid; kept stored coordinates,3
E2022_09,2022-09-05,2022-09-07,Epsilon Layout / Yemalur Road (ORR Kadubeesanahalli bridge),12.933,77.687,False,910,150,Bellanduru,193.4,193.4,56.7,,910,high,hotspot_pdf,"Sajjan, S. 2022. Floods at Bengaluru City - A Technical Study. Ch.9",191 sq km catchment (~25% of city); approximate locality centroid; kept stored coordinates,3
E2022_09,2022-09-05,2022-09-07,Borewell Road (Whitefield),12.969,77.75,False,1444,84,Hagadur,123.2,123.2,145.6,,1444,high,hotspot_pdf,"Sajjan, S. 2022. Floods at Bengaluru City - A Technical Study. Ch.10",Lake breach + stop-wall demolition; 3.3 sq km catchment; approximate locality centroid; kept stored coordinates,3
E2022_09,2022-09-05,2022-09-07,Panathur-Balagere Road (near BWSSB STP/Varthur lake),12.939,77.699,False,977,150,Bellanduru,211.8,211.8,64.7,,977,high,hotspot_pdf,"Sajjan, S. 2022. Floods at Bengaluru City - A Technical Study. Ch.11",209 sq km catchment (~28% of city); approximate locality centroid; kept stored coordinates,3
E2022_05,2022-05-05,2022-05-05,RBD Layout (Sarjapur Road),12.907289,77.686694,False,555,150,Bellanduru,76.9,254.1,53.4,,555,medium,news,"Indian Express, 11 May 2022","5th flood in 6 years for this zone; pre-monsoon shower; moved to inside centroid (Cell 555); footprint seeds: 554, 555, 608",1
E2021_11,2021-11-21,2021-11-21,"Yelahanka / Jakkur, North Bengaluru",13.1,77.596,False,2882,1,Kempegowda Ward,261.7,261.7,12.4,,2882,medium,news,"The News Minute, 22 Nov 2021",153mm at Jakkur per KSNDMC alert; Manyata Tech Park also flooded; kept stored locality centroid (Cell 2882) pending Member 1 approval,1
E2017_08,2017-08-15,2017-08-15,Koramangala 4th Block,12.932778,77.629405,False,897,151,Koramangala,98.1,98.1,167.8,,897,medium,news,"The News Minute, 'Rotting furniture, sewage-flooded homes: How rain has spelled doom for Bengaluru's Koramangala'","Residents directly quoted on 15 Aug 2017 flooding behind 80 Feet Road; published 2017-10-04; moved to OSM polygon centroid (Cell 897, Ward 151); neighbourhood-level precision",1
E2017_09,2017-09-27,2017-09-28,"Hosur-Sarjapur Road / Anugraha Layout, Koramangala",12.925,77.634,False,774,173,Jakkasandra,87.2,87.2,188.0,,774,medium,news,"Garda World Crisis24, 27 Sep 2017",UNVERIFIED: source URL redirects to generic crisis alert portal; Anugraha Layout location unverified in Koramangala; kept stored coordinates in Ward 173 (Cell 774),2
