event_id,place_name,stored_lat,stored_lon,source_url,source_date,named_feature,verified_lat,verified_lon,verified_by,status,notes
E2022_09,RBD Layout (Sarjapur Road),12.901,77.7,"references/Floods_at_Bengaluru_City_A_Technical_Stu.pdf (Ch.6, pp.49-62)",2022-12,Rainbow Drive Layout (Sarjapur Road),12.907289,77.686694,OSM way 101573097 inside centroid,STORED-IS-OFF,"Stored coordinate is ~1.6 km east-southeast. Physical layout straddles 2011 boundary with 42.4% inside Ward 150 (cells 554, 555, 608)."
E2022_09,Wipro Campus (Sarjapur Road),12.9,77.696,"references/Floods_at_Bengaluru_City_A_Technical_Stu.pdf (Ch.7, pp.63-72)",2022-12,"Wipro Corporate Office campus, Sarjapur Road",12.914319,77.686317,OSM way 370327479 polygon centroid,STORED-IS-OFF,"Stored coordinate is ~1.9 km south-southeast. Physical campus lies 100% inside Ward 150 (cells 607, 665, 666)."
E2022_09,Outer Ring Road (RMZ Ecospace / Saul Kere reach),12.927,77.693,"references/Floods_at_Bengaluru_City_A_Technical_Stu.pdf (Ch.8, pp.73-90)",2022-12,Outer Ring Road carriageway opposite Saul Kere / RMZ Ecospace,,,TODO (human),VERIFIED,Matches ORR carriageway opposite Saul Kere inside Cell 847.
E2022_09,Epsilon Layout / Yemalur Road (ORR Kadubeesanahalli bridge),12.933,77.687,"references/Floods_at_Bengaluru_City_A_Technical_Stu.pdf (Ch.9, pp.91-104)",2022-12,Yemalur Road & ORR Kadubeesanahalli bridge rajakaluve bottleneck,,,TODO (human),VERIFIED,Matches rajakaluve culvert bottleneck under Yemalur Road inside Cell 910.
E2022_09,Borewell Road (Whitefield),12.969,77.75,"references/Floods_at_Bengaluru_City_A_Technical_Stu.pdf (Ch.10, pp.105-116)",2022-12,Borewell Road between Nallurahalli Lake rajakaluve and Whitefield Main Rd,,,TODO (human),VERIFIED,Matches Borewell Road road stretch inside Cell 1444.
E2022_09,Panathur-Balagere Road (near BWSSB STP/Varthur lake),12.939,77.699,"references/Floods_at_Bengaluru_City_A_Technical_Stu.pdf (Ch.11, pp.117-126)",2022-12,Panathur-Balagere Road near BWSSB STP / primary drain bridge,,,TODO (human),VERIFIED,Matches road stream crossing inside Cell 977 (99.3 m to Overpass road geometry).
E2022_05,RBD Layout (Sarjapur Road),12.901,77.7,"references/Floods_at_Bengaluru_City_A_Technical_Stu.pdf (Ch.6, pp.49-62); Indian Express 11 May 2022",2022-05-11,Rainbow Drive Layout (Sarjapur Road),12.907289,77.686694,OSM way 101573097 inside centroid,STORED-IS-OFF,Pre-monsoon storm event; same spatial layout as row 1.
E2021_11,"Yelahanka / Jakkur, North Bengaluru",13.1,77.596,https://www.thenewsminute.com/article/bengaluru-sees-very-heavy-rains-severe-waterlogging-reported-157884,2021-11-22,"Kendriya Vihar, Kogilu Cross, Yelahanka Lake",,,TODO (human),STORED-IS-OFF,"Stored point is rounded centroid of Yelahanka town (Ward 1, Cell 2882); actual reported flood site (Kendriya Vihar) is at 13.116, 77.587 (~2.2 km away)."
E2017_08,Koramangala 4th Block,12.934,77.638,https://www.thenewsminute.com/karnataka/rotting-furniture-sewage-flooded-homes-how-rain-has-spelled-doom-bengalurus-koramangala,2017-08-15,"Koramangala 4th Block, 80 Feet Road, Maharaja Signal",12.932778,77.629405,OSM way 1066116298 centroid,STORED-IS-OFF,"Stored point is ~942 m east in ST Bed / Agaram (Ward 114, Cell 899); true 4th Block is in Ward 151 (Cell 897)."
E2017_09,"Hosur-Sarjapur Road / Anugraha Layout, Koramangala",12.925,77.634,https://crisis24.garda.com/fr/product/222601,2017-09-27,Hosur Road / Sarjapur Road junction,,,TODO (human),UNVERIFIED,Anugraha Layout unverified in Koramangala; stored point sits on Sarjapur Road in Ward 173 (Cell 774).
