event_id,start_date,end_date,place_name,stored_lat,stored_lon,proposed_lat,proposed_lon,dist_difference_m,exceeds_150m,source_query,source_description
E2022_09,2022-09-05,2022-09-07,RBD Layout (Sarjapur Road),12.901,77.7,12.907289,77.686694,1602.9,True,Rainbow Drive Layout Bengaluru,OSM way 101573097 (Rainbow Drive Layout) inside centroid
E2022_09,2022-09-05,2022-09-07,Wipro Campus (Sarjapur Road),12.9,77.696,12.914319,77.686317,1901.0,True,Wipro Corporate Office Bengaluru,"OSM way 370327479 (Wipro Corporate Office, Doddakannelli)"
E2022_09,2022-09-05,2022-09-07,Outer Ring Road (RMZ Ecospace / Saul Kere reach),12.927,77.693,12.924134,77.681081,1331.7,True,RMZ Ecospace Bengaluru,OSM way 361528993 (RMZ Ecospace)
E2022_09,2022-09-05,2022-09-07,Epsilon Layout / Yemalur Road (ORR Kadubeesanahalli bridge),12.933,77.687,12.945258,77.688657,1368.0,True,Epsilon Bengaluru,OSM node 4296245136 (Epsilon)
E2022_09,2022-09-05,2022-09-07,Borewell Road (Whitefield),12.969,77.75,12.968588,77.746218,412.9,True,Borewell Road Whitefield Bengaluru,OSM way 135270812 (Borewell Road)
E2022_09,2022-09-05,2022-09-07,Panathur-Balagere Road (near BWSSB STP/Varthur lake),12.939,77.699,12.929868,77.706461,1294.7,True,Panathur Balagere Road Bengaluru,OSM way 1241743977 (Panathur Electric Crematorium / Balagere Road)
E2022_05,2022-05-05,2022-05-05,RBD Layout (Sarjapur Road),12.901,77.7,12.907289,77.686694,1602.9,True,Rainbow Drive Layout Bengaluru,OSM way 101573097 (Rainbow Drive Layout) inside centroid
E2021_11,2021-11-21,2021-11-21,"Yelahanka / Jakkur, North Bengaluru",13.1,77.596,13.100698,77.596345,85.8,False,Yelahanka Bengaluru,OSM node 430143744 (Yelahanka town centroid)
E2017_08,2017-08-15,2017-08-15,Koramangala 4th Block,12.934,77.638,12.932778,77.629405,942.4,True,Koramangala 4th Block Bengaluru,OSM way 1066116298 (Koramangala 4th Block boundary)
E2017_09,2017-09-27,2017-09-28,"Hosur-Sarjapur Road / Anugraha Layout, Koramangala",12.925,77.634,,,,,Anugraha Layout Bengaluru,could not determine (ambiguous in OSM; reverse geocode is Sarjapura Rd / SBI Colony)
