event_id,place,cell_id,role
E2022_09,RBD Layout (Sarjapur Road),554,seed
E2022_09,RBD Layout (Sarjapur Road),555,seed
E2022_09,RBD Layout (Sarjapur Road),608,seed
E2022_09,RBD Layout (Sarjapur Road),504,neighbour_3x3
E2022_09,RBD Layout (Sarjapur Road),505,neighbour_3x3
E2022_09,RBD Layout (Sarjapur Road),553,neighbour_3x3
E2022_09,RBD Layout (Sarjapur Road),556,neighbour_3x3
E2022_09,RBD Layout (Sarjapur Road),606,neighbour_3x3
E2022_09,RBD Layout (Sarjapur Road),607,neighbour_3x3
E2022_09,RBD Layout (Sarjapur Road),609,neighbour_3x3
E2022_09,RBD Layout (Sarjapur Road),665,neighbour_3x3
E2022_09,RBD Layout (Sarjapur Road),666,neighbour_3x3
E2022_09,RBD Layout (Sarjapur Road),667,neighbour_3x3
E2022_09,Wipro Campus (Sarjapur Road),665,seed
E2022_09,Wipro Campus (Sarjapur Road),666,seed
E2022_09,Wipro Campus (Sarjapur Road),606,neighbour_3x3
E2022_09,Wipro Campus (Sarjapur Road),607,neighbour_3x3
E2022_09,Wipro Campus (Sarjapur Road),608,neighbour_3x3
E2022_09,Wipro Campus (Sarjapur Road),609,neighbour_3x3
E2022_09,Wipro Campus (Sarjapur Road),664,neighbour_3x3
E2022_09,Wipro Campus (Sarjapur Road),667,neighbour_3x3
E2022_09,Wipro Campus (Sarjapur Road),724,neighbour_3x3
E2022_09,Wipro Campus (Sarjapur Road),725,neighbour_3x3
E2022_09,Wipro Campus (Sarjapur Road),726,neighbour_3x3
E2022_09,Wipro Campus (Sarjapur Road),727,neighbour_3x3
E2022_09,Outer Ring Road (RMZ Ecospace / Saul Kere reach),847,seed
E2022_09,Outer Ring Road (RMZ Ecospace / Saul Kere reach),786,neighbour_3x3
E2022_09,Outer Ring Road (RMZ Ecospace / Saul Kere reach),787,neighbour_3x3
E2022_09,Outer Ring Road (RMZ Ecospace / Saul Kere reach),788,neighbour_3x3
E2022_09,Outer Ring Road (RMZ Ecospace / Saul Kere reach),846,neighbour_3x3
E2022_09,Outer Ring Road (RMZ Ecospace / Saul Kere reach),848,neighbour_3x3
E2022_09,Outer Ring Road (RMZ Ecospace / Saul Kere reach),910,neighbour_3x3
E2022_09,Outer Ring Road (RMZ Ecospace / Saul Kere reach),911,neighbour_3x3
E2022_09,Outer Ring Road (RMZ Ecospace / Saul Kere reach),912,neighbour_3x3
E2022_09,Epsilon Layout / Yemalur Road (ORR Kadubeesanahalli bridge),910,seed
E2022_09,Epsilon Layout / Yemalur Road (ORR Kadubeesanahalli bridge),845,neighbour_3x3
E2022_09,Epsilon Layout / Yemalur Road (ORR Kadubeesanahalli bridge),846,neighbour_3x3
E2022_09,Epsilon Layout / Yemalur Road (ORR Kadubeesanahalli bridge),847,neighbour_3x3
E2022_09,Epsilon Layout / Yemalur Road (ORR Kadubeesanahalli bridge),909,neighbour_3x3
E2022_09,Epsilon Layout / Yemalur Road (ORR Kadubeesanahalli bridge),911,neighbour_3x3
E2022_09,Epsilon Layout / Yemalur Road (ORR Kadubeesanahalli bridge),974,neighbour_3x3
E2022_09,Epsilon Layout / Yemalur Road (ORR Kadubeesanahalli bridge),975,neighbour_3x3
E2022_09,Epsilon Layout / Yemalur Road (ORR Kadubeesanahalli bridge),976,neighbour_3x3
E2022_09,Borewell Road (Whitefield),1444,seed
E2022_09,Borewell Road (Whitefield),1377,neighbour_3x3
E2022_09,Borewell Road (Whitefield),1378,neighbour_3x3
E2022_09,Borewell Road (Whitefield),1379,neighbour_3x3
E2022_09,Borewell Road (Whitefield),1443,neighbour_3x3
E2022_09,Borewell Road (Whitefield),1445,neighbour_3x3
E2022_09,Borewell Road (Whitefield),1512,neighbour_3x3
E2022_09,Borewell Road (Whitefield),1513,neighbour_3x3
E2022_09,Borewell Road (Whitefield),1514,neighbour_3x3
E2022_09,Panathur-Balagere Road (near BWSSB STP/Varthur lake),977,seed
E2022_09,Panathur-Balagere Road (near BWSSB STP/Varthur lake),911,neighbour_3x3
E2022_09,Panathur-Balagere Road (near BWSSB STP/Varthur lake),912,neighbour_3x3
E2022_09,Panathur-Balagere Road (near BWSSB STP/Varthur lake),913,neighbour_3x3
E2022_09,Panathur-Balagere Road (near BWSSB STP/Varthur lake),976,neighbour_3x3
E2022_09,Panathur-Balagere Road (near BWSSB STP/Varthur lake),978,neighbour_3x3
E2022_09,Panathur-Balagere Road (near BWSSB STP/Varthur lake),1041,neighbour_3x3
E2022_09,Panathur-Balagere Road (near BWSSB STP/Varthur lake),1042,neighbour_3x3
E2022_09,Panathur-Balagere Road (near BWSSB STP/Varthur lake),1043,neighbour_3x3
E2022_05,RBD Layout (Sarjapur Road),554,seed
E2022_05,RBD Layout (Sarjapur Road),555,seed
E2022_05,RBD Layout (Sarjapur Road),608,seed
E2022_05,RBD Layout (Sarjapur Road),504,neighbour_3x3
E2022_05,RBD Layout (Sarjapur Road),505,neighbour_3x3
E2022_05,RBD Layout (Sarjapur Road),553,neighbour_3x3
E2022_05,RBD Layout (Sarjapur Road),556,neighbour_3x3
E2022_05,RBD Layout (Sarjapur Road),606,neighbour_3x3
E2022_05,RBD Layout (Sarjapur Road),607,neighbour_3x3
E2022_05,RBD Layout (Sarjapur Road),609,neighbour_3x3
E2022_05,RBD Layout (Sarjapur Road),665,neighbour_3x3
E2022_05,RBD Layout (Sarjapur Road),666,neighbour_3x3
E2022_05,RBD Layout (Sarjapur Road),667,neighbour_3x3
E2021_11,Kendriya Vihar (Yelahanka),2904,seed
E2021_11,Kendriya Vihar (Yelahanka),2882,neighbour_3x3
E2021_11,Kendriya Vihar (Yelahanka),2883,neighbour_3x3
E2021_11,Kendriya Vihar (Yelahanka),2884,neighbour_3x3
E2021_11,Kendriya Vihar (Yelahanka),2903,neighbour_3x3
E2021_11,Kendriya Vihar (Yelahanka),2905,neighbour_3x3
E2021_11,Kendriya Vihar (Yelahanka),2924,neighbour_3x3
E2021_11,Kendriya Vihar (Yelahanka),2925,neighbour_3x3
E2021_11,Kendriya Vihar (Yelahanka),2926,neighbour_3x3
E2017_08,Koramangala 4th Block,897,seed
E2017_08,Koramangala 4th Block,832,neighbour_3x3
E2017_08,Koramangala 4th Block,833,neighbour_3x3
E2017_08,Koramangala 4th Block,834,neighbour_3x3
E2017_08,Koramangala 4th Block,896,neighbour_3x3
E2017_08,Koramangala 4th Block,898,neighbour_3x3
E2017_08,Koramangala 4th Block,961,neighbour_3x3
E2017_08,Koramangala 4th Block,962,neighbour_3x3
E2017_08,Koramangala 4th Block,963,neighbour_3x3
E2017_09,"Hosur-Sarjapur Road / Anugraha Layout, Koramangala",774,seed
E2017_09,"Hosur-Sarjapur Road / Anugraha Layout, Koramangala",713,neighbour_3x3
E2017_09,"Hosur-Sarjapur Road / Anugraha Layout, Koramangala",714,neighbour_3x3
E2017_09,"Hosur-Sarjapur Road / Anugraha Layout, Koramangala",715,neighbour_3x3
E2017_09,"Hosur-Sarjapur Road / Anugraha Layout, Koramangala",773,neighbour_3x3
E2017_09,"Hosur-Sarjapur Road / Anugraha Layout, Koramangala",775,neighbour_3x3
E2017_09,"Hosur-Sarjapur Road / Anugraha Layout, Koramangala",833,neighbour_3x3
E2017_09,"Hosur-Sarjapur Road / Anugraha Layout, Koramangala",834,neighbour_3x3
E2017_09,"Hosur-Sarjapur Road / Anugraha Layout, Koramangala",835,neighbour_3x3
E2023_05,KR Circle Underpass,1478,seed
E2023_05,KR Circle Underpass,1408,neighbour_3x3
E2023_05,KR Circle Underpass,1409,neighbour_3x3
E2023_05,KR Circle Underpass,1410,neighbour_3x3
E2023_05,KR Circle Underpass,1477,neighbour_3x3
E2023_05,KR Circle Underpass,1479,neighbour_3x3
E2023_05,KR Circle Underpass,1545,neighbour_3x3
E2023_05,KR Circle Underpass,1546,neighbour_3x3
E2023_05,KR Circle Underpass,1547,neighbour_3x3
