rain_pixel_id,center_lat,center_lon,min_lat,max_lat,min_lon,max_lon,n_cells
0,12.825,77.525,12.8,12.85,77.5,77.55,2
1,12.825,77.575,12.8,12.85,77.55,77.6,30
2,12.825,77.625,12.8,12.85,77.6,77.65,4
3,12.875,77.475,12.85,12.9,77.45,77.5,45
4,12.875,77.525,12.85,12.9,77.5,77.55,86
5,12.875,77.575,12.85,12.9,77.55,77.6,117
6,12.875,77.625,12.85,12.9,77.6,77.65,114
7,12.875,77.675,12.85,12.9,77.65,77.7,57
8,12.925,77.475,12.9,12.95,77.45,77.5,77
9,12.925,77.525,12.9,12.95,77.5,77.55,113
10,12.925,77.575,12.9,12.95,77.55,77.6,121
11,12.925,77.625,12.9,12.95,77.6,77.65,121
12,12.925,77.675,12.9,12.95,77.65,77.7,118
13,12.925,77.725,12.9,12.95,77.7,77.75,96
14,12.925,77.775,12.9,12.95,77.75,77.8,22
15,12.975,77.475,12.95,13.0,77.45,77.5,70
16,12.975,77.525,12.95,13.0,77.5,77.55,121
17,12.975,77.575,12.95,13.0,77.55,77.6,121
18,12.975,77.625,12.95,13.0,77.6,77.65,121
19,12.975,77.675,12.95,13.0,77.65,77.7,121
20,12.975,77.725,12.95,13.0,77.7,77.75,121
21,12.975,77.775,12.95,13.0,77.75,77.8,67
22,13.025,77.475,13.0,13.05,77.45,77.5,62
23,13.025,77.525,13.0,13.05,77.5,77.55,121
24,13.025,77.575,13.0,13.05,77.55,77.6,121
25,13.025,77.625,13.0,13.05,77.6,77.65,121
26,13.025,77.675,13.0,13.05,77.65,77.7,112
27,13.025,77.725,13.0,13.05,77.7,77.75,68
28,13.025,77.775,13.0,13.05,77.75,77.8,13
29,13.075,77.475,13.05,13.1,77.45,77.5,12
30,13.075,77.525,13.05,13.1,77.5,77.55,97
31,13.075,77.575,13.05,13.1,77.55,77.6,121
32,13.075,77.625,13.05,13.1,77.6,77.65,120
33,13.075,77.675,13.05,13.1,77.65,77.7,38
34,13.125,77.525,13.1,13.15,77.5,77.55,2
35,13.125,77.575,13.1,13.15,77.55,77.6,85
36,13.125,77.625,13.1,13.15,77.6,77.65,68
