url,fetched_on,http_status,page_title,publication_date_on_page,quote_found_verbatim,evidence_quote_under_15_words,verdict
https://www.thenewsminute.com/karnataka/rotting-furniture-sewage-flooded-homes-how-rain-has-spelled-doom-bengalurus-koramangala,2026-10-08,200,"Rotting furniture, sewage-flooded homes: How rain has spelled doom for Bengaluru's Koramangala",2017-10-04T11:45:54Z,yes,"August 15, 2017 induces a strange dread in the residents of Koramangala 4th block",VERIFIED
https://www.thenewsminute.com/karnataka/bengaluru-sees-very-heavy-rains-severe-waterlogging-reported-157884,2026-10-08,200,"Bengaluru sees very heavy rains, severe waterlogging reported",2021-11-22T04:54:15Z,yes,"Kendriya Vihar at Yelahanka is now officially Jal Vihar.",VERIFIED
https://crisis24.garda.com/fr/product/222601,2026-10-08,301,Crisis24 Alertes | Crisis24,NOT_FOUND,no,"NONE (redirects to generic portal)",UNVERIFIED
https://www.deccanherald.com/city/top-bengaluru-stories/floods-return-to-orr-rainbow-drive-layout-after-overnight-rain-1140643.html,2026-10-08,200,Explained | Why did NASA cancel the Moon rocket launch?,2022-08-30T13:52:39+05:30,no,"NONE (article describes NASA Moon rocket)",WRONG
https://www.thehindu.com/news/cities/bangalore/heavy-rain-floods-several-areas-in-bengaluru/article37628863.ece,2026-10-08,404,NOT_FOUND,NOT_FOUND,no,"NONE (HTTP 404; earlier quote fabricated/ignored)",UNVERIFIED
https://indianexpress.com/article/cities/bangalore/bengaluru-rain-traffic-snarls-waterlogging-october-8219462/,2026-10-08,404,NOT_FOUND,NOT_FOUND,no,"NONE (HTTP 404; earlier quote fabricated/ignored)",UNVERIFIED
https://www.bbc.com/news/world-asia-india-65671148,2026-10-08,404,NOT_FOUND,NOT_FOUND,no,"NONE (HTTP 404; earlier quote fabricated/ignored)",UNVERIFIED
https://scroll.in/latest/1049516/techie-dies-in-bengaluru-as-car-gets-submerged-in-flooded-underpass,2026-10-08,200,Bengaluru rains: Techie drowns as car gets submerged in flooded underpass,2023-05-22T08:38:00+05:30,yes,"A 22-year-old woman drowned after her car was submerged in an underpass",VERIFIED
https://thesouthfirst.com/karnataka/woman-dies-after-car-with-andhra-pradesh-family-zooms-into-rain-flooded-bengaluru-underpass,2026-10-08,200,Woman dies after car with Andhra Pradesh family zooms into rain-flooded Bengaluru underpass - The South First,2023-05-21T13:47:50+00:00,yes,"Sudden heavy rains on 21 May flooded parts of Bengaluru including KR Circle underpass.",VERIFIED
