event_id,start_date,end_date,peak_date,place_name,lat,lon,cell_id,evidence_type,source_citation,source_url,accessed_on,label_confidence,notes,audit_stored_lat,audit_stored_lon,audit_coord_source,audit_coord_note
E2022_09,2022-09-05,2022-09-07,2022-09-05,RBD Layout (Sarjapur Road),12.907289,77.686694,555,hotspot_pdf,"Sajjan, S. 2022. Floods at Bengaluru City - A Technical Study. Ch.6",,2026-10-05,high,"131.6mm single-night rainfall 4-5 Sept; 10.1 sq km catchment; moved to inside centroid (Cell 555); footprint seeds: 554, 555, 608",12.901,77.7,OSM way 101573097 inside centroid,"Stored coordinate (12.901, 77.700) was 445 m outside 2011 boundary; moved to inside polygon centroid (Cell 555); CFG_C footprint seeds: 554, 555, 608"
E2022_09,2022-09-05,2022-09-07,2022-09-05,Wipro Campus (Sarjapur Road),12.914319,77.686317,666,hotspot_pdf,"Sajjan, S. 2022. Floods at Bengaluru City - A Technical Study. Ch.7",,2026-10-05,high,"Same storm as RBD Layout; 11.5 sq km catchment; moved to campus centroid (Cell 666); footprint seeds: 665, 666",12.9,77.696,OSM way 370327479 polygon centroid,"Stored coordinate (12.900, 77.696) was 665 m outside 2011 boundary; campus lies in Ward 150; CFG_C footprint seeds: 665, 666"
E2022_09,2022-09-05,2022-09-07,2022-09-05,Outer Ring Road (RMZ Ecospace / Saul Kere reach),12.927,77.693,847,hotspot_pdf,"Sajjan, S. 2022. Floods at Bengaluru City - A Technical Study. Ch.8",,2026-10-05,high,"27.9 sq km catchment; approximate locality centroid; kept stored coordinates",12.927,77.693,Stored (Sajjan 2022 Ch.8),"Kept stored coordinates; falls strictly in Cell 847 (Ward 150)"
E2022_09,2022-09-05,2022-09-07,2022-09-05,Epsilon Layout / Yemalur Road (ORR Kadubeesanahalli bridge),12.933,77.687,910,hotspot_pdf,"Sajjan, S. 2022. Floods at Bengaluru City - A Technical Study. Ch.9",,2026-10-05,high,"191 sq km catchment (~25% of city); approximate locality centroid; kept stored coordinates",12.933,77.687,Stored (Sajjan 2022 Ch.9),"Kept stored coordinates; falls strictly in Cell 910 (Ward 150)"
E2022_09,2022-09-05,2022-09-07,2022-09-07,Borewell Road (Whitefield),12.969,77.75,1444,hotspot_pdf,"Sajjan, S. 2022. Floods at Bengaluru City - A Technical Study. Ch.10",,2026-10-05,high,"Lake breach + stop-wall demolition; 3.3 sq km catchment; approximate locality centroid; kept stored coordinates",12.969,77.75,Stored (Sajjan 2022 Ch.10),"Kept stored coordinates; falls strictly in Cell 1444 (Ward 84)"
E2022_09,2022-09-05,2022-09-07,2022-09-05,Panathur-Balagere Road (near BWSSB STP/Varthur lake),12.939,77.699,977,hotspot_pdf,"Sajjan, S. 2022. Floods at Bengaluru City - A Technical Study. Ch.11",,2026-10-05,high,"209 sq km catchment (~28% of city); approximate locality centroid; kept stored coordinates",12.939,77.699,Stored (Sajjan 2022 Ch.11),"Kept stored coordinates; falls strictly in Cell 977 (Ward 150)"
E2022_05,2022-05-05,2022-05-05,2022-05-05,RBD Layout (Sarjapur Road),12.907289,77.686694,555,news,"Indian Express, 11 May 2022",,2026-10-05,medium,"5th flood in 6 years for this zone; pre-monsoon shower; moved to inside centroid (Cell 555); footprint seeds: 554, 555, 608",12.901,77.7,OSM way 101573097 inside centroid,"Stored coordinate (12.901, 77.700) was 445 m outside 2011 boundary; moved to inside polygon centroid (Cell 555); CFG_C footprint seeds: 554, 555, 608"
E2021_11,2021-11-21,2021-11-21,2021-11-21,Kendriya Vihar (Yelahanka),13.106967,77.600144,2904,news,"The News Minute, 'Bengaluru sees very heavy rains, severe waterlogging reported'",https://www.thenewsminute.com/karnataka/bengaluru-sees-very-heavy-rains-severe-waterlogging-reported-157884,2026-10-08,medium,"Verified on Yelahanka Lake edge ('Kendriya Vihar at Yelahanka is now officially Jal Vihar'); moved to OSM polygon (Cell 2904, Ward 1)",13.1,77.596,OSM way 1180658023 / node 11473102401,"Moved from coarse locality centroid (13.1, 77.596, Cell 2882) to verified OSM polygon centroid (Cell 2904)"
E2017_08,2017-08-15,2017-08-15,2017-08-15,Koramangala 4th Block,12.932778,77.629405,897,news,"The News Minute, 'Rotting furniture, sewage-flooded homes: How rain has spelled doom for Bengaluru's Koramangala'",https://www.thenewsminute.com/karnataka/rotting-furniture-sewage-flooded-homes-how-rain-has-spelled-doom-bengalurus-koramangala,2026-10-05,medium,"Residents directly quoted on 15 Aug 2017 flooding behind 80 Feet Road; published 2017-10-04; moved to OSM polygon centroid (Cell 897, Ward 151); neighbourhood-level precision",12.934,77.638,OSM way 1066116298 centroid,"Moved from ST Bed / Agaram location (Cell 899) to true Koramangala 4th Block OSM polygon centroid (Cell 897). Neighbourhood-level precision; label_confidence medium."
E2017_09,2017-09-27,2017-09-28,2017-09-27,"Hosur-Sarjapur Road / Anugraha Layout, Koramangala",12.925,77.634,774,news,"Garda World Crisis24, 27 Sep 2017",https://crisis24.garda.com/fr/product/222601,2026-10-05,low,"UNVERIFIED: source URL redirects to generic portal; Anugraha Layout location unverified in Koramangala; kept stored coordinates in Ward 173 (Cell 774); lowered to low confidence",12.925,77.634,Stored (Garda World Crisis24),"Kept stored coordinates; source URL UNVERIFIED (redirects to generic portal); confidence lowered to low."
E2023_05,2023-05-21,2023-05-21,2023-05-21,KR Circle Underpass,12.9754,77.5886,1478,news,"Scroll.in, 'Techie dies in Bengaluru as car gets submerged in flooded underpass'",https://scroll.in/latest/1049516/techie-dies-in-bengaluru-as-car-gets-submerged-in-flooded-underpass,2026-10-08,medium,"Flooded underpass fatality on 21 May 2023 afternoon storm; Nrupathunga Rd / Ambedkar Veedhi underpass; OSM way 49247293",12.9754,77.5886,OSM way 49247293 / node 245847492,"Underpass connecting Nrupathunga Rd and Dr Ambedkar Veedhi; strictly in Cell 1478 (Ward 110: Sampangiram Nagar)"
