zone,catchment_area_sqkm,feeding_lakes_streams,elevation_proxy,flood_event_date,rainfall_mm_event,flooded,primary_cause,source
RBD Layout (Sarjapur Road),10.1,"Hado Siddapura, Choodasandra, Halanayakanahalli, Junnasandra lakes",low,2022-09-05,131.6,1,"Layout built on/near rajakaluve (stormwater drain); raised road levels turned layout into a locked low pocket","Floods at Bengaluru City \u2013 A Technical Study, Ch.6; Reuters Sept 6 2022"
RBD Layout (Sarjapur Road),10.1,"Hado Siddapura, Choodasandra, Halanayakanahalli, Junnasandra lakes",low,2022-05-05,,1,"Same structural vulnerability; flooded from a comparatively minor pre-monsoon shower, 5th flood in 6 years","Floods at Bengaluru City \u2013 A Technical Study, Ch.6; Indian Express May 11 2022"
Wipro Campus (Sarjapur Road),11.5,"Junnasandra, Halanayakanahalli, Doddakannelli lakes, Saul Kere",low,2022-09-05,131.6,1,"New road divider (built Dec 2021) and Sattva Tech Park construction blocked the natural overland discharge path from upstream lakes","Floods at Bengaluru City \u2013 A Technical Study, Ch.7"
Outer Ring Road (RMZ Ecospace / Saul Kere reach),27.9,"Saul Kere and 14 lakes in catchment, main Bellandur stream",low,2022-09-05,131.6,1,"Metro rail median wall (built 2022) blocked the road's natural overland spill route for Saul Kere's discharge","Floods at Bengaluru City \u2013 A Technical Study, Ch.8"
Epsilon Layout / Yemalur Road (ORR Kadubeesanahalli bridge),191,"Bellandur lake main stream plus two major tributary streams",low,2022-09-05,131.6,1,"Bridge sized only for sewage discharge; wetland filled for STP construction removed a second discharge channel; ~25% of city's runoff routes through this one bridge","Floods at Bengaluru City \u2013 A Technical Study, Ch.9"
Borewell Road (Whitefield),3.3,"Nallurahalli lake, Sheelvanthakere",low,2022-09-07,,1,"Nallurahalli lake breach combined with demolition of an informal stop wall near the rajakaluve during an anti-encroachment drive; locality has no planned stormwater system","Floods at Bengaluru City \u2013 A Technical Study, Ch.10"
Panathur-Balagere Road (near BWSSB STP/Varthur lake),209,"Bellandur lake main stream and downstream lake chain",low,2022-09-05,131.6,1,"Newly built bridge (completed 2022) undersized for runoff from ~28% of the city; GI sheet barricade further blocked overland spill","Floods at Bengaluru City \u2013 A Technical Study, Ch.11; IMD data cited in Ch.11 (Sampangiramanagar 148mm, Mahadevapura/Marathahalli/Doddanekundi/Varthur/HAL Road >100mm same night)"
Malleswaram (contrast/control),,"Core-city area near the central ridge; established drainage to Vrishabhavathi valley",high,2022-09-05,131.6,0,"Older, higher-elevation core-city locality; not reported as significantly affected in the same event","General knowledge \u2014 NOT from the study; verify locally before relying on this row"
Jayanagar (contrast/control),,"Core-city planned layout; established drainage to Vrishabhavathi valley",high,2022-09-05,131.6,0,"Older, higher-elevation core-city locality; not reported as significantly affected in the same event","General knowledge \u2014 NOT from the study; verify locally before relying on this row"
